Run_num,Dataset,Method,Percentage,accuracy_un_norm,accuracy_norm,precision,recall,f1_score_micro,f1_score_macro,test_set_size,time
0,blogcatalog,Node2Vec,5,2620,0.2674288047,0.2832598316,0.2674288047,0.2674288047,0.1372623138,9797,6807.635563
0,blogcatalog,Node2Vec,10,2738,0.2950113134,0.307432118,0.2950113134,0.2950113134,0.1609499918,9281,6807.635563
0,blogcatalog,Node2Vec,20,2691,0.3261818182,0.3141524465,0.3261818182,0.3261818182,0.1953835824,8250,6807.635563
0,blogcatalog,Node2Vec,30,2424,0.335780579,0.3219181539,0.335780579,0.335780579,0.2076904572,7219,6807.635563
0,blogcatalog,Node2Vec,40,2130,0.3442146089,0.3242411002,0.3442146089,0.3442146089,0.217581119,6188,6807.635563
0,blogcatalog,Node2Vec,50,1850,0.3588052754,0.3417323381,0.3588052754,0.3588052754,0.2392523414,5156,6807.635563
0,blogcatalog,Node2Vec,60,1453,0.3522424242,0.3382017553,0.3522424242,0.3522424242,0.2310446325,4125,6807.635563
0,blogcatalog,Node2Vec,70,1172,0.3787976729,0.3652459152,0.3787976729,0.3787976729,0.24160984,3094,6807.635563
0,blogcatalog,Node2Vec,80,794,0.3848763936,0.3744569359,0.3848763936,0.3848763936,0.2515950283,2063,6807.635563
0,blogcatalog,Node2Vec,90,373,0.3614341085,0.3707094289,0.3614341085,0.3614341085,0.2362141837,1032,6807.635563
1,blogcatalog,Node2Vec,5,2569,0.2622231295,0.2777806302,0.2622231295,0.2622231295,0.1305853357,9797,6703.266269
1,blogcatalog,Node2Vec,10,2716,0.2926408792,0.2838005153,0.2926408792,0.2926408792,0.1597490502,9281,6703.266269
1,blogcatalog,Node2Vec,20,2634,0.3192727273,0.3163545928,0.3192727273,0.3192727273,0.1933899255,8250,6703.266269
1,blogcatalog,Node2Vec,30,2367,0.3278847486,0.3125964079,0.3278847486,0.3278847486,0.2043640204,7219,6703.266269
1,blogcatalog,Node2Vec,40,2083,0.3366192631,0.3138170986,0.3366192631,0.3366192631,0.2158498118,6188,6703.266269
1,blogcatalog,Node2Vec,50,1775,0.3442591156,0.3143317048,0.3442591156,0.3442591156,0.2173035536,5156,6703.266269
1,blogcatalog,Node2Vec,60,1484,0.3597575758,0.3470848766,0.3597575758,0.3597575758,0.2357080763,4125,6703.266269
1,blogcatalog,Node2Vec,70,1148,0.371040724,0.357663493,0.371040724,0.371040724,0.2553655328,3094,6703.266269
1,blogcatalog,Node2Vec,80,740,0.358700921,0.3505699927,0.358700921,0.358700921,0.2375846046,2063,6703.266269
1,blogcatalog,Node2Vec,90,395,0.382751938,0.3819441366,0.382751938,0.382751938,0.2591402238,1032,6703.266269
2,blogcatalog,Node2Vec,5,2669,0.2724303358,0.2896050352,0.2724303358,0.2724303358,0.1323563245,9797,6596.923056
2,blogcatalog,Node2Vec,10,2728,0.2939338433,0.3106130424,0.2939338433,0.2939338433,0.1768952203,9281,6596.923056
2,blogcatalog,Node2Vec,20,2607,0.316,0.3124708121,0.316,0.316,0.1891044337,8250,6596.923056
2,blogcatalog,Node2Vec,30,2424,0.335780579,0.3196895567,0.335780579,0.335780579,0.2111967552,7219,6596.923056
2,blogcatalog,Node2Vec,40,2092,0.338073691,0.3188251981,0.338073691,0.338073691,0.2141623402,6188,6596.923056
2,blogcatalog,Node2Vec,50,1807,0.3504654771,0.3374467132,0.3504654771,0.3504654771,0.2291424572,5156,6596.923056
2,blogcatalog,Node2Vec,60,1470,0.3563636364,0.3323554578,0.3563636364,0.3563636364,0.2275172654,4125,6596.923056
2,blogcatalog,Node2Vec,70,1136,0.3671622495,0.3450798124,0.3671622495,0.3671622495,0.2474799091,3094,6596.923056
2,blogcatalog,Node2Vec,80,756,0.3664566166,0.3580435873,0.3664566166,0.3664566166,0.2449026399,2063,6596.923056
2,blogcatalog,Node2Vec,90,377,0.3653100775,0.3629136722,0.3653100775,0.3653100775,0.2450695539,1032,6596.923056
3,blogcatalog,Node2Vec,5,2715,0.2771256507,0.2895853035,0.2771256507,0.2771256507,0.1382230035,9797,6695.079146
3,blogcatalog,Node2Vec,10,2704,0.2913479151,0.2997536307,0.2913479151,0.2913479151,0.159848253,9281,6695.079146
3,blogcatalog,Node2Vec,20,2645,0.3206060606,0.3129704221,0.3206060606,0.3206060606,0.1904649387,8250,6695.079146
3,blogcatalog,Node2Vec,30,2384,0.3302396454,0.3150834204,0.3302396454,0.3302396454,0.2052713423,7219,6695.079146
3,blogcatalog,Node2Vec,40,2095,0.3385585003,0.3136272919,0.3385585003,0.3385585003,0.2226993503,6188,6695.079146
3,blogcatalog,Node2Vec,50,1876,0.3638479441,0.3466532502,0.3638479441,0.3638479441,0.2436196393,5156,6695.079146
3,blogcatalog,Node2Vec,60,1496,0.3626666667,0.3380932136,0.3626666667,0.3626666667,0.2378501451,4125,6695.079146
3,blogcatalog,Node2Vec,70,1113,0.3597285068,0.3448372029,0.3597285068,0.3597285068,0.236176668,3094,6695.079146
3,blogcatalog,Node2Vec,80,789,0.3824527387,0.3671792259,0.3824527387,0.3824527387,0.2565108305,2063,6695.079146
3,blogcatalog,Node2Vec,90,378,0.3662790698,0.3512096672,0.3662790698,0.3662790698,0.2296736263,1032,6695.079146
4,blogcatalog,Node2Vec,5,2641,0.2695723181,0.3073767331,0.2695723181,0.2695723181,0.1396650087,9797,6652.131184
4,blogcatalog,Node2Vec,10,2695,0.290378192,0.3018546521,0.290378192,0.290378192,0.1596265665,9281,6652.131184
4,blogcatalog,Node2Vec,20,2624,0.3180606061,0.3093200997,0.3180606061,0.3180606061,0.1850980683,8250,6652.131184
4,blogcatalog,Node2Vec,30,2448,0.3391051392,0.3191394606,0.3391051392,0.3391051392,0.2148566967,7219,6652.131184
4,blogcatalog,Node2Vec,40,2142,0.3461538462,0.3191581175,0.3461538462,0.3461538462,0.2167061016,6188,6652.131184
4,blogcatalog,Node2Vec,50,1815,0.3520170675,0.3363263029,0.3520170675,0.3520170675,0.2352487713,5156,6652.131184
4,blogcatalog,Node2Vec,60,1526,0.3699393939,0.3559306364,0.3699393939,0.3699393939,0.2469676131,4125,6652.131184
4,blogcatalog,Node2Vec,70,1114,0.360051713,0.3373547538,0.360051713,0.360051713,0.2448821426,3094,6652.131184
4,blogcatalog,Node2Vec,80,760,0.3683955405,0.3649189661,0.3683955405,0.3683955405,0.241821064,2063,6652.131184
4,blogcatalog,Node2Vec,90,413,0.4001937984,0.4229177877,0.4001937984,0.4001937984,0.2722081461,1032,6652.131184
0,homo_sapiens,Node2Vec,5,302,0.08170995671,0.1960790306,0.08170995671,0.08170995671,0.04995638212,3696,213.141521
0,homo_sapiens,Node2Vec,10,416,0.1188231934,0.1606332916,0.1188231934,0.1188231934,0.06727751941,3501,213.141521
0,homo_sapiens,Node2Vec,20,371,0.1192159383,0.1255920847,0.1192159383,0.1192159383,0.07919344072,3112,213.141521
0,homo_sapiens,Node2Vec,30,396,0.1454278369,0.1256453215,0.1454278369,0.1454278369,0.08591186892,2723,213.141521
0,homo_sapiens,Node2Vec,40,355,0.1520994002,0.1392076255,0.1520994002,0.1520994002,0.1051299574,2334,213.141521
0,homo_sapiens,Node2Vec,50,315,0.1619537275,0.1454551493,0.1619537275,0.1619537275,0.1089351214,1945,213.141521
0,homo_sapiens,Node2Vec,60,237,0.1523136247,0.1450210727,0.1523136247,0.1523136247,0.09966260711,1556,213.141521
0,homo_sapiens,Node2Vec,70,174,0.1491002571,0.1454830224,0.1491002571,0.1491002571,0.09697458968,1167,213.141521
0,homo_sapiens,Node2Vec,80,121,0.1555269923,0.1497763226,0.1555269923,0.1555269923,0.110306804,778,213.141521
0,homo_sapiens,Node2Vec,90,65,0.1670951157,0.1640275573,0.1670951157,0.1670951157,0.1127210771,389,213.141521
1,homo_sapiens,Node2Vec,5,368,0.09956709957,0.1721699733,0.09956709957,0.09956709957,0.05525587278,3696,205.296488
1,homo_sapiens,Node2Vec,10,409,0.1168237646,0.143723151,0.1168237646,0.1168237646,0.07123153267,3501,205.296488
1,homo_sapiens,Node2Vec,20,393,0.126285347,0.1491300728,0.126285347,0.126285347,0.07666131548,3112,205.296488
1,homo_sapiens,Node2Vec,30,392,0.1439588689,0.1312550858,0.1439588689,0.1439588689,0.08961615417,2723,205.296488
1,homo_sapiens,Node2Vec,40,360,0.1542416452,0.1549780212,0.1542416452,0.1542416452,0.1070334041,2334,205.296488
1,homo_sapiens,Node2Vec,50,278,0.1429305913,0.1348925815,0.1429305913,0.1429305913,0.09608934735,1945,205.296488
1,homo_sapiens,Node2Vec,60,226,0.1452442159,0.1279866016,0.1452442159,0.1452442159,0.09190961692,1556,205.296488
1,homo_sapiens,Node2Vec,70,195,0.1670951157,0.1453905111,0.1670951157,0.1670951157,0.1004212885,1167,205.296488
1,homo_sapiens,Node2Vec,80,118,0.1516709512,0.1487888214,0.1516709512,0.1516709512,0.1074305309,778,205.296488
1,homo_sapiens,Node2Vec,90,66,0.1696658098,0.2216964867,0.1696658098,0.1696658098,0.1164882493,389,205.296488
2,homo_sapiens,Node2Vec,5,299,0.0808982684,0.1760354092,0.0808982684,0.0808982684,0.04089008974,3696,202.2864113
2,homo_sapiens,Node2Vec,10,378,0.1079691517,0.1474974067,0.1079691517,0.1079691517,0.06940438693,3501,202.2864113
2,homo_sapiens,Node2Vec,20,370,0.1188946015,0.1317852415,0.1188946015,0.1188946015,0.08014012346,3112,202.2864113
2,homo_sapiens,Node2Vec,30,379,0.1391847227,0.1401456177,0.1391847227,0.1391847227,0.09056923338,2723,202.2864113
2,homo_sapiens,Node2Vec,40,361,0.1546700943,0.1408286973,0.1546700943,0.1546700943,0.0983836924,2334,202.2864113
2,homo_sapiens,Node2Vec,50,323,0.166066838,0.149233624,0.166066838,0.166066838,0.1149280088,1945,202.2864113
2,homo_sapiens,Node2Vec,60,259,0.1664524422,0.152584207,0.1664524422,0.1664524422,0.1125035564,1556,202.2864113
2,homo_sapiens,Node2Vec,70,184,0.1576692374,0.165268239,0.1576692374,0.1576692374,0.09907881768,1167,202.2864113
2,homo_sapiens,Node2Vec,80,123,0.1580976864,0.1513373541,0.1580976864,0.1580976864,0.1131356296,778,202.2864113
2,homo_sapiens,Node2Vec,90,82,0.2107969152,0.1969647768,0.2107969152,0.2107969152,0.1299643051,389,202.2864113
3,homo_sapiens,Node2Vec,5,374,0.1011904762,0.1513399678,0.1011904762,0.1011904762,0.05591037372,3696,217.8902988
3,homo_sapiens,Node2Vec,10,381,0.1088260497,0.1098829983,0.1088260497,0.1088260497,0.06410427061,3501,217.8902988
3,homo_sapiens,Node2Vec,20,400,0.1285347044,0.1337732556,0.1285347044,0.1285347044,0.07935190016,3112,217.8902988
3,homo_sapiens,Node2Vec,30,377,0.1384502387,0.147273868,0.1384502387,0.1384502387,0.09117757466,2723,217.8902988
3,homo_sapiens,Node2Vec,40,342,0.146529563,0.1327277988,0.146529563,0.146529563,0.09349068024,2334,217.8902988
3,homo_sapiens,Node2Vec,50,291,0.1496143959,0.134942996,0.1496143959,0.1496143959,0.09545238126,1945,217.8902988
3,homo_sapiens,Node2Vec,60,239,0.1535989717,0.1377012185,0.1535989717,0.1535989717,0.103642315,1556,217.8902988
3,homo_sapiens,Node2Vec,70,178,0.1525278492,0.1399983126,0.1525278492,0.1525278492,0.09697324718,1167,217.8902988
3,homo_sapiens,Node2Vec,80,120,0.1542416452,0.153085941,0.1542416452,0.1542416452,0.0909143083,778,217.8902988
3,homo_sapiens,Node2Vec,90,74,0.1902313625,0.2147171178,0.1902313625,0.1902313625,0.1516330814,389,217.8902988
4,homo_sapiens,Node2Vec,5,356,0.09632034632,0.1491701007,0.09632034632,0.09632034632,0.0500162065,3696,200.7573214
4,homo_sapiens,Node2Vec,10,405,0.1156812339,0.1308830969,0.1156812339,0.1156812339,0.06738013294,3501,200.7573214
4,homo_sapiens,Node2Vec,20,395,0.1269280206,0.1237033431,0.1269280206,0.1269280206,0.0798573293,3112,200.7573214
4,homo_sapiens,Node2Vec,30,400,0.146896805,0.1280362747,0.146896805,0.146896805,0.09835538997,2723,200.7573214
4,homo_sapiens,Node2Vec,40,355,0.1520994002,0.1341455991,0.1520994002,0.1520994002,0.09685278125,2334,200.7573214
4,homo_sapiens,Node2Vec,50,303,0.1557840617,0.1598202245,0.1557840617,0.1557840617,0.1027466473,1945,200.7573214
4,homo_sapiens,Node2Vec,60,262,0.1683804627,0.154866037,0.1683804627,0.1683804627,0.1136191885,1556,200.7573214
4,homo_sapiens,Node2Vec,70,196,0.1679520137,0.1545992899,0.1679520137,0.1679520137,0.1192975086,1167,200.7573214
4,homo_sapiens,Node2Vec,80,133,0.1709511568,0.1722725275,0.1709511568,0.1709511568,0.100605116,778,200.7573214
4,homo_sapiens,Node2Vec,90,66,0.1696658098,0.208283909,0.1696658098,0.1696658098,0.1158603866,389,200.7573214
0,wiki,Node2Vec,5,1123,0.2474113241,0.2391471935,0.2474113241,0.2474113241,0.03070754957,4539,1047.396377
0,wiki,Node2Vec,10,1146,0.2665116279,0.2662141991,0.2665116279,0.2665116279,0.03591903275,4300,1047.396377
0,wiki,Node2Vec,20,1195,0.3126635269,0.319348468,0.3126635269,0.3126635269,0.05682332461,3822,1047.396377
0,wiki,Node2Vec,30,1029,0.307715311,0.3211729958,0.307715311,0.307715311,0.05042934321,3344,1047.396377
0,wiki,Node2Vec,40,909,0.3170561563,0.3169651912,0.3170561563,0.3170561563,0.06344186832,2867,1047.396377
0,wiki,Node2Vec,50,790,0.3306822938,0.3336728671,0.3306822938,0.3306822938,0.06012356764,2389,1047.396377
0,wiki,Node2Vec,60,643,0.3364730508,0.3346511525,0.3364730508,0.3364730508,0.06849133128,1911,1047.396377
0,wiki,Node2Vec,70,520,0.3626220363,0.3485422209,0.3626220363,0.3626220363,0.09197501581,1434,1047.396377
0,wiki,Node2Vec,80,343,0.3587866109,0.3435898549,0.3587866109,0.3587866109,0.09398937102,956,1047.396377
0,wiki,Node2Vec,90,162,0.3389121339,0.3269616866,0.3389121339,0.3389121339,0.1243955713,478,1047.396377
1,wiki,Node2Vec,5,1148,0.2529191452,0.2818654537,0.2529191452,0.2529191452,0.02804632882,4539,1083.376644
1,wiki,Node2Vec,10,1141,0.2653488372,0.2697659504,0.2653488372,0.2653488372,0.0381994195,4300,1083.376644
1,wiki,Node2Vec,20,1148,0.3003663004,0.3055107424,0.3003663004,0.3003663004,0.0557629297,3822,1083.376644
1,wiki,Node2Vec,30,1063,0.3178827751,0.3199178922,0.3178827751,0.3178827751,0.06296945413,3344,1083.376644
1,wiki,Node2Vec,40,927,0.323334496,0.3196832537,0.323334496,0.323334496,0.07029472089,2867,1083.376644
1,wiki,Node2Vec,50,787,0.3294265383,0.3241125794,0.3294265383,0.3294265383,0.06888230616,2389,1083.376644
1,wiki,Node2Vec,60,620,0.3244374673,0.3234235181,0.3244374673,0.3244374673,0.06187518907,1911,1083.376644
1,wiki,Node2Vec,70,458,0.3193863319,0.3057841463,0.3193863319,0.3193863319,0.06825792363,1434,1083.376644
1,wiki,Node2Vec,80,307,0.3211297071,0.3272041169,0.3211297071,0.3211297071,0.06634138902,956,1083.376644
1,wiki,Node2Vec,90,154,0.3221757322,0.3352924759,0.3221757322,0.3221757322,0.09837250188,478,1083.376644
2,wiki,Node2Vec,5,1157,0.2549019608,0.2760479879,0.2549019608,0.2549019608,0.0288517256,4539,1047.100331
2,wiki,Node2Vec,10,1166,0.2711627907,0.2659494216,0.2711627907,0.2711627907,0.03767456874,4300,1047.100331
2,wiki,Node2Vec,20,1121,0.2933019362,0.2899743241,0.2933019362,0.2933019362,0.0466366175,3822,1047.100331
2,wiki,Node2Vec,30,1037,0.3101076555,0.3121626075,0.3101076555,0.3101076555,0.05300079215,3344,1047.100331
2,wiki,Node2Vec,40,899,0.3135681897,0.2986929523,0.3135681897,0.3135681897,0.05586803196,2867,1047.100331
2,wiki,Node2Vec,50,769,0.321892005,0.3169680979,0.321892005,0.321892005,0.06783951276,2389,1047.100331
2,wiki,Node2Vec,60,669,0.3500784929,0.3349265892,0.3500784929,0.3500784929,0.07202037446,1911,1047.100331
2,wiki,Node2Vec,70,462,0.3221757322,0.3267717038,0.3221757322,0.3221757322,0.07716672181,1434,1047.100331
2,wiki,Node2Vec,80,328,0.3430962343,0.3354231962,0.3430962343,0.3430962343,0.08031996757,956,1047.100331
2,wiki,Node2Vec,90,147,0.3075313808,0.3471819468,0.3075313808,0.3075313808,0.09000554932,478,1047.100331
3,wiki,Node2Vec,5,1200,0.2643754131,0.2792119817,0.2643754131,0.2643754131,0.03349503569,4539,1050.869247
3,wiki,Node2Vec,10,1152,0.2679069767,0.2885311351,0.2679069767,0.2679069767,0.04235845431,4300,1050.869247
3,wiki,Node2Vec,20,1158,0.3029827316,0.3046474111,0.3029827316,0.3029827316,0.0479894885,3822,1050.869247
3,wiki,Node2Vec,30,1075,0.3214712919,0.3115298223,0.3214712919,0.3214712919,0.06085076051,3344,1050.869247
3,wiki,Node2Vec,40,916,0.3194977328,0.3255193774,0.3194977328,0.3194977328,0.05755360031,2867,1050.869247
3,wiki,Node2Vec,50,781,0.3269150272,0.3321979913,0.3269150272,0.3269150272,0.06418448871,2389,1050.869247
3,wiki,Node2Vec,60,632,0.3307169021,0.3318522891,0.3307169021,0.3307169021,0.06644153431,1911,1050.869247
3,wiki,Node2Vec,70,508,0.3542538354,0.3519392092,0.3542538354,0.3542538354,0.08418888879,1434,1050.869247
3,wiki,Node2Vec,80,339,0.3546025105,0.3467010406,0.3546025105,0.3546025105,0.08356088509,956,1050.869247
3,wiki,Node2Vec,90,179,0.3744769874,0.3698328518,0.3744769874,0.3744769874,0.1013338358,478,1050.869247
4,wiki,Node2Vec,5,1193,0.2628332232,0.2742603924,0.2628332232,0.2628332232,0.02875273505,4539,1049.944584
4,wiki,Node2Vec,10,1140,0.2651162791,0.2692982026,0.2651162791,0.2651162791,0.03941678427,4300,1049.944584
4,wiki,Node2Vec,20,1142,0.2987964417,0.3102290554,0.2987964417,0.2987964417,0.05834823847,3822,1049.944584
4,wiki,Node2Vec,30,1048,0.3133971292,0.3141454193,0.3133971292,0.3133971292,0.05609624838,3344,1049.944584
4,wiki,Node2Vec,40,917,0.3198465295,0.3271185944,0.3198465295,0.3198465295,0.06226525535,2867,1049.944584
4,wiki,Node2Vec,50,771,0.3227291754,0.3009525709,0.3227291754,0.3227291754,0.0631806662,2389,1049.944584
4,wiki,Node2Vec,60,618,0.3233908948,0.3234115174,0.3233908948,0.3233908948,0.07248096091,1911,1049.944584
4,wiki,Node2Vec,70,505,0.3521617852,0.3532442243,0.3521617852,0.3521617852,0.08024499913,1434,1049.944584
4,wiki,Node2Vec,80,354,0.370292887,0.359998697,0.370292887,0.370292887,0.1059999029,956,1049.944584
4,wiki,Node2Vec,90,181,0.3786610879,0.3851509968,0.3786610879,0.3786610879,0.1500044239,478,1049.944584
0,blogcatalog,Node2Vec,5,2625,0.2679391651,0.3013815437,0.2679391651,0.2679391651,0.1315460876,9797,6762.546364
0,blogcatalog,Node2Vec,10,2692,0.290054951,0.2990275788,0.290054951,0.290054951,0.1593058269,9281,6762.546364
0,blogcatalog,Node2Vec,20,2620,0.3175757576,0.2996391717,0.3175757576,0.3175757576,0.1924907235,8250,6762.546364
0,blogcatalog,Node2Vec,30,2407,0.3334256822,0.3188556761,0.3334256822,0.3334256822,0.2131866715,7219,6762.546364
0,blogcatalog,Node2Vec,40,2101,0.3395281189,0.3244810993,0.3395281189,0.3395281189,0.2175034377,6188,6762.546364
0,blogcatalog,Node2Vec,50,1802,0.3494957331,0.3396393658,0.3494957331,0.3494957331,0.2313842792,5156,6762.546364
0,blogcatalog,Node2Vec,60,1466,0.3553939394,0.3394915447,0.3553939394,0.3553939394,0.2433241252,4125,6762.546364
0,blogcatalog,Node2Vec,70,1131,0.3655462185,0.3526906567,0.3655462185,0.3655462185,0.2545818866,3094,6762.546364
0,blogcatalog,Node2Vec,80,777,0.376635967,0.3707838369,0.376635967,0.376635967,0.2471395471,2063,6762.546364
0,blogcatalog,Node2Vec,90,371,0.359496124,0.379875496,0.359496124,0.359496124,0.238295444,1032,6762.546364
1,blogcatalog,Node2Vec,5,2416,0.2466061039,0.2615048399,0.2466061039,0.2466061039,0.1195561641,9797,6873.521967
1,blogcatalog,Node2Vec,10,2698,0.290701433,0.2939877215,0.290701433,0.290701433,0.1548048862,9281,6873.521967
1,blogcatalog,Node2Vec,20,2612,0.3166060606,0.3088142848,0.3166060606,0.3166060606,0.1895956424,8250,6873.521967
1,blogcatalog,Node2Vec,30,2486,0.3443690262,0.3368858995,0.3443690262,0.3443690262,0.2168675234,7219,6873.521967
1,blogcatalog,Node2Vec,40,2100,0.3393665158,0.320225481,0.3393665158,0.3393665158,0.2187139461,6188,6873.521967
1,blogcatalog,Node2Vec,50,1830,0.3549262995,0.3310049199,0.3549262995,0.3549262995,0.233352197,5156,6873.521967
1,blogcatalog,Node2Vec,60,1461,0.3541818182,0.3415040233,0.3541818182,0.3541818182,0.2287937145,4125,6873.521967
1,blogcatalog,Node2Vec,70,1179,0.3810601164,0.3806834972,0.3810601164,0.3810601164,0.2580139701,3094,6873.521967
1,blogcatalog,Node2Vec,80,764,0.3703344644,0.3591700643,0.3703344644,0.3703344644,0.2532530468,2063,6873.521967
1,blogcatalog,Node2Vec,90,380,0.3682170543,0.3910427215,0.3682170543,0.3682170543,0.2389800783,1032,6873.521967
2,blogcatalog,Node2Vec,5,2599,0.2652852914,0.2796096486,0.2652852914,0.2652852914,0.1349950786,9797,6850.519775
2,blogcatalog,Node2Vec,10,2707,0.2916711561,0.2982071459,0.2916711561,0.2916711561,0.1718932494,9281,6850.519775
2,blogcatalog,Node2Vec,20,2686,0.3255757576,0.3120861483,0.3255757576,0.3255757576,0.1946389798,8250,6850.519775
2,blogcatalog,Node2Vec,30,2455,0.3400748026,0.3317247015,0.3400748026,0.3400748026,0.2147644274,7219,6850.519775
2,blogcatalog,Node2Vec,40,2099,0.3392049127,0.3237665054,0.3392049127,0.3392049127,0.2138629369,6188,6850.519775
2,blogcatalog,Node2Vec,50,1795,0.3481380915,0.3242825773,0.3481380915,0.3481380915,0.2279270904,5156,6850.519775
2,blogcatalog,Node2Vec,60,1468,0.3558787879,0.3415642913,0.3558787879,0.3558787879,0.2352854715,4125,6850.519775
2,blogcatalog,Node2Vec,70,1140,0.3684550743,0.3443339749,0.3684550743,0.3684550743,0.247031868,3094,6850.519775
2,blogcatalog,Node2Vec,80,771,0.3737275812,0.3739620131,0.3737275812,0.3737275812,0.2440255129,2063,6850.519775
2,blogcatalog,Node2Vec,90,393,0.3808139535,0.3727979102,0.3808139535,0.3808139535,0.2443101804,1032,6850.519775
3,blogcatalog,Node2Vec,5,2622,0.2676329489,0.3061784817,0.2676329489,0.2676329489,0.1359445539,9797,6813.489407
3,blogcatalog,Node2Vec,10,2697,0.290593686,0.2937018471,0.290593686,0.290593686,0.1686969399,9281,6813.489407
3,blogcatalog,Node2Vec,20,2585,0.3133333333,0.292404159,0.3133333333,0.3133333333,0.1862666581,8250,6813.489407
3,blogcatalog,Node2Vec,30,2373,0.3287158886,0.3222428545,0.3287158886,0.3287158886,0.2075169873,7219,6813.489407
3,blogcatalog,Node2Vec,40,2136,0.3451842275,0.3195442101,0.3451842275,0.3451842275,0.2185262526,6188,6813.489407
3,blogcatalog,Node2Vec,50,1821,0.3531807603,0.3284618038,0.3531807603,0.3531807603,0.2180071145,5156,6813.489407
3,blogcatalog,Node2Vec,60,1458,0.3534545455,0.3371305254,0.3534545455,0.3534545455,0.2285652629,4125,6813.489407
3,blogcatalog,Node2Vec,70,1068,0.3451842275,0.3241512645,0.3451842275,0.3451842275,0.2448091977,3094,6813.489407
3,blogcatalog,Node2Vec,80,750,0.3635482307,0.3380083981,0.3635482307,0.3635482307,0.2345690859,2063,6813.489407
3,blogcatalog,Node2Vec,90,370,0.3585271318,0.3385007426,0.3585271318,0.3585271318,0.235478877,1032,6813.489407
4,blogcatalog,Node2Vec,5,2613,0.2667143003,0.2901809547,0.2667143003,0.2667143003,0.1268730493,9797,6728.403958
4,blogcatalog,Node2Vec,10,2631,0.2834823834,0.2905629533,0.2834823834,0.2834823834,0.1680127874,9281,6728.403958
4,blogcatalog,Node2Vec,20,2632,0.319030303,0.3057208297,0.319030303,0.319030303,0.1900669121,8250,6728.403958
4,blogcatalog,Node2Vec,30,2379,0.3295470287,0.33525914,0.3295470287,0.3295470287,0.2058339369,7219,6728.403958
4,blogcatalog,Node2Vec,40,2183,0.3527795734,0.3411093128,0.3527795734,0.3527795734,0.2199672969,6188,6728.403958
4,blogcatalog,Node2Vec,50,1799,0.3489138867,0.3218370968,0.3489138867,0.3489138867,0.2237437461,5156,6728.403958
4,blogcatalog,Node2Vec,60,1466,0.3553939394,0.3387991197,0.3553939394,0.3553939394,0.23397969,4125,6728.403958
4,blogcatalog,Node2Vec,70,1157,0.3739495798,0.3631809146,0.3739495798,0.3739495798,0.2395905398,3094,6728.403958
4,blogcatalog,Node2Vec,80,747,0.3620940378,0.3395517881,0.3620940378,0.3620940378,0.2369186792,2063,6728.403958
4,blogcatalog,Node2Vec,90,372,0.3604651163,0.3692273587,0.3604651163,0.3604651163,0.2363642549,1032,6728.403958
0,homo_sapiens,Node2Vec,5,396,0.1071428571,0.1593135851,0.1071428571,0.1071428571,0.05009061881,3696,206.4993615
0,homo_sapiens,Node2Vec,10,407,0.1162524993,0.1280207279,0.1162524993,0.1162524993,0.06149381135,3501,206.4993615
0,homo_sapiens,Node2Vec,20,425,0.1365681234,0.1350590379,0.1365681234,0.1365681234,0.0787874955,3112,206.4993615
0,homo_sapiens,Node2Vec,30,404,0.148365773,0.1390148879,0.148365773,0.148365773,0.08947264264,2723,206.4993615
0,homo_sapiens,Node2Vec,40,348,0.1491002571,0.1326024724,0.1491002571,0.1491002571,0.09828204822,2334,206.4993615
0,homo_sapiens,Node2Vec,50,298,0.1532133676,0.146001504,0.1532133676,0.1532133676,0.09798992152,1945,206.4993615
0,homo_sapiens,Node2Vec,60,250,0.1606683805,0.150586064,0.1606683805,0.1606683805,0.1023717769,1556,206.4993615
0,homo_sapiens,Node2Vec,70,179,0.1533847472,0.1365304953,0.1533847472,0.1533847472,0.09858925421,1167,206.4993615
0,homo_sapiens,Node2Vec,80,132,0.1696658098,0.1549888043,0.1696658098,0.1696658098,0.1131345843,778,206.4993615
0,homo_sapiens,Node2Vec,90,77,0.1979434447,0.2056341485,0.1979434447,0.1979434447,0.1410383869,389,206.4993615
1,homo_sapiens,Node2Vec,5,374,0.1011904762,0.1681544181,0.1011904762,0.1011904762,0.05335188684,3696,206.4543774
1,homo_sapiens,Node2Vec,10,395,0.1128249072,0.1588567734,0.1128249072,0.1128249072,0.07434167193,3501,206.4543774
1,homo_sapiens,Node2Vec,20,397,0.1275706941,0.113689678,0.1275706941,0.1275706941,0.08305292093,3112,206.4543774
1,homo_sapiens,Node2Vec,30,376,0.1380829967,0.1281543364,0.1380829967,0.1380829967,0.09479402106,2723,206.4543774
1,homo_sapiens,Node2Vec,40,337,0.1443873179,0.1386274314,0.1443873179,0.1443873179,0.09348261775,2334,206.4543774
1,homo_sapiens,Node2Vec,50,293,0.1506426735,0.1417499364,0.1506426735,0.1506426735,0.1029334579,1945,206.4543774
1,homo_sapiens,Node2Vec,60,275,0.1767352185,0.1736676461,0.1767352185,0.1767352185,0.1130212675,1556,206.4543774
1,homo_sapiens,Node2Vec,70,200,0.1713796058,0.1532915485,0.1713796058,0.1713796058,0.1028717158,1167,206.4543774
1,homo_sapiens,Node2Vec,80,118,0.1516709512,0.1394007374,0.1516709512,0.1516709512,0.1048970989,778,206.4543774
1,homo_sapiens,Node2Vec,90,62,0.1593830334,0.1787661781,0.1593830334,0.1593830334,0.1214365301,389,206.4543774
2,homo_sapiens,Node2Vec,5,387,0.1047077922,0.09706117729,0.1047077922,0.1047077922,0.05433033444,3696,203.0180359
2,homo_sapiens,Node2Vec,10,397,0.1133961725,0.1448404609,0.1133961725,0.1133961725,0.06644445248,3501,203.0180359
2,homo_sapiens,Node2Vec,20,440,0.1413881748,0.1543662411,0.1413881748,0.1413881748,0.09262797938,3112,203.0180359
2,homo_sapiens,Node2Vec,30,371,0.1362467866,0.1368680077,0.1362467866,0.1362467866,0.08556426373,2723,203.0180359
2,homo_sapiens,Node2Vec,40,337,0.1443873179,0.1253532431,0.1443873179,0.1443873179,0.09914106204,2334,203.0180359
2,homo_sapiens,Node2Vec,50,303,0.1557840617,0.1324409063,0.1557840617,0.1557840617,0.1113821308,1945,203.0180359
2,homo_sapiens,Node2Vec,60,263,0.1690231362,0.140674224,0.1690231362,0.1690231362,0.1123837079,1556,203.0180359
2,homo_sapiens,Node2Vec,70,183,0.1568123393,0.1622050491,0.1568123393,0.1568123393,0.1048731438,1167,203.0180359
2,homo_sapiens,Node2Vec,80,111,0.1426735219,0.1533732667,0.1426735219,0.1426735219,0.08797605225,778,203.0180359
2,homo_sapiens,Node2Vec,90,61,0.1568123393,0.1906910904,0.1568123393,0.1568123393,0.1134314847,389,203.0180359
3,homo_sapiens,Node2Vec,5,368,0.09956709957,0.1883754286,0.09956709957,0.09956709957,0.0496439304,3696,204.6427097
3,homo_sapiens,Node2Vec,10,425,0.1213938875,0.1171471202,0.1213938875,0.1213938875,0.06364168161,3501,204.6427097
3,homo_sapiens,Node2Vec,20,421,0.1352827763,0.1354634168,0.1352827763,0.1352827763,0.08157580753,3112,204.6427097
3,homo_sapiens,Node2Vec,30,378,0.1388174807,0.1410760413,0.1388174807,0.1388174807,0.08644812243,2723,204.6427097
3,homo_sapiens,Node2Vec,40,327,0.1401028278,0.158716627,0.1401028278,0.1401028278,0.0927949112,2334,204.6427097
3,homo_sapiens,Node2Vec,50,325,0.1670951157,0.1496391168,0.1670951157,0.1670951157,0.1096540898,1945,204.6427097
3,homo_sapiens,Node2Vec,60,238,0.1529562982,0.1322532828,0.1529562982,0.1529562982,0.1012942111,1556,204.6427097
3,homo_sapiens,Node2Vec,70,192,0.1645244216,0.1396576131,0.1645244216,0.1645244216,0.1166195271,1167,204.6427097
3,homo_sapiens,Node2Vec,80,119,0.1529562982,0.1307481549,0.1529562982,0.1529562982,0.09895061543,778,204.6427097
3,homo_sapiens,Node2Vec,90,71,0.1825192802,0.2049051791,0.1825192802,0.1825192802,0.1186772438,389,204.6427097
4,homo_sapiens,Node2Vec,5,388,0.104978355,0.2030766276,0.104978355,0.104978355,0.05287078533,3696,208.08812
4,homo_sapiens,Node2Vec,10,385,0.1099685804,0.1516555469,0.1099685804,0.1099685804,0.06343534942,3501,208.08812
4,homo_sapiens,Node2Vec,20,411,0.1320694087,0.1521107903,0.1320694087,0.1320694087,0.08409778396,3112,208.08812
4,homo_sapiens,Node2Vec,30,373,0.1369812707,0.1326849982,0.1369812707,0.1369812707,0.08733592463,2723,208.08812
4,homo_sapiens,Node2Vec,40,353,0.1512425021,0.1262215852,0.1512425021,0.1512425021,0.09775172646,2334,208.08812
4,homo_sapiens,Node2Vec,50,287,0.1475578406,0.1372885934,0.1475578406,0.1475578406,0.09448602822,1945,208.08812
4,homo_sapiens,Node2Vec,60,288,0.1850899743,0.1698773921,0.1850899743,0.1850899743,0.1221205474,1556,208.08812
4,homo_sapiens,Node2Vec,70,196,0.1679520137,0.142628964,0.1679520137,0.1679520137,0.108515894,1167,208.08812
4,homo_sapiens,Node2Vec,80,136,0.1748071979,0.1558413328,0.1748071979,0.1748071979,0.09866900734,778,208.08812
4,homo_sapiens,Node2Vec,90,66,0.1696658098,0.1876659354,0.1696658098,0.1696658098,0.1168517754,389,208.08812
0,wiki,Node2Vec,5,1209,0.2663582287,0.247987738,0.2663582287,0.2663582287,0.03066560169,4539,1067.184771
0,wiki,Node2Vec,10,1151,0.2676744186,0.2480997312,0.2676744186,0.2676744186,0.03695776789,4300,1067.184771
0,wiki,Node2Vec,20,1142,0.2987964417,0.2919993762,0.2987964417,0.2987964417,0.05003463493,3822,1067.184771
0,wiki,Node2Vec,30,1051,0.3142942584,0.3117397508,0.3142942584,0.3142942584,0.05785947143,3344,1067.184771
0,wiki,Node2Vec,40,932,0.3250784792,0.3203129808,0.3250784792,0.3250784792,0.05812866981,2867,1067.184771
0,wiki,Node2Vec,50,790,0.3306822938,0.335347305,0.3306822938,0.3306822938,0.06565776612,2389,1067.184771
0,wiki,Node2Vec,60,650,0.3401360544,0.335220347,0.3401360544,0.3401360544,0.07368113388,1911,1067.184771
0,wiki,Node2Vec,70,498,0.3472803347,0.3388040068,0.3472803347,0.3472803347,0.09274398456,1434,1067.184771
0,wiki,Node2Vec,80,337,0.3525104603,0.3464175873,0.3525104603,0.3525104603,0.0990200688,956,1067.184771
0,wiki,Node2Vec,90,177,0.370292887,0.3771822817,0.370292887,0.370292887,0.1146618095,478,1067.184771
1,wiki,Node2Vec,5,1109,0.2443269443,0.2551317803,0.2443269443,0.2443269443,0.03199794878,4539,1055.510453
1,wiki,Node2Vec,10,1157,0.2690697674,0.2615469679,0.2690697674,0.2690697674,0.03602266758,4300,1055.510453
1,wiki,Node2Vec,20,1113,0.2912087912,0.2869172137,0.2912087912,0.2912087912,0.04912858455,3822,1055.510453
1,wiki,Node2Vec,30,1036,0.3098086124,0.3065427645,0.3098086124,0.3098086124,0.05828121692,3344,1055.510453
1,wiki,Node2Vec,40,905,0.3156609697,0.3214774907,0.3156609697,0.3156609697,0.06199848081,2867,1055.510453
1,wiki,Node2Vec,50,756,0.3164503977,0.3147558366,0.3164503977,0.3164503977,0.0683350201,2389,1055.510453
1,wiki,Node2Vec,60,620,0.3244374673,0.3120477557,0.3244374673,0.3244374673,0.06182869555,1911,1055.510453
1,wiki,Node2Vec,70,457,0.3186889819,0.3237123075,0.3186889819,0.3186889819,0.06593956186,1434,1055.510453
1,wiki,Node2Vec,80,329,0.3441422594,0.3273417272,0.3441422594,0.3441422594,0.1073747829,956,1055.510453
1,wiki,Node2Vec,90,174,0.3640167364,0.3711030101,0.3640167364,0.3640167364,0.1278351424,478,1055.510453
2,wiki,Node2Vec,5,1142,0.2515972681,0.2577495722,0.2515972681,0.2515972681,0.0363454286,4539,1058.768068
2,wiki,Node2Vec,10,1202,0.2795348837,0.2808583414,0.2795348837,0.2795348837,0.03757728675,4300,1058.768068
2,wiki,Node2Vec,20,1161,0.3037676609,0.3062817756,0.3037676609,0.3037676609,0.05342654632,3822,1058.768068
2,wiki,Node2Vec,30,1042,0.3116028708,0.3156154583,0.3116028708,0.3116028708,0.05485731874,3344,1058.768068
2,wiki,Node2Vec,40,989,0.3449598884,0.3282699122,0.3449598884,0.3449598884,0.05884177957,2867,1058.768068
2,wiki,Node2Vec,50,812,0.3398911679,0.3145124505,0.3398911679,0.3398911679,0.06480715278,2389,1058.768068
2,wiki,Node2Vec,60,637,0.3333333333,0.3252084467,0.3333333333,0.3333333333,0.07859272141,1911,1058.768068
2,wiki,Node2Vec,70,515,0.3591352859,0.351680531,0.3591352859,0.3591352859,0.1072678296,1434,1058.768068
2,wiki,Node2Vec,80,318,0.3326359833,0.3236205716,0.3326359833,0.3326359833,0.08032212782,956,1058.768068
2,wiki,Node2Vec,90,172,0.359832636,0.3556512561,0.359832636,0.359832636,0.1593951569,478,1058.768068
3,wiki,Node2Vec,5,1205,0.2654769773,0.280814899,0.2654769773,0.2654769773,0.03630545951,4539,1055.079585
3,wiki,Node2Vec,10,1232,0.2865116279,0.2715428891,0.2865116279,0.2865116279,0.03974526859,4300,1055.079585
3,wiki,Node2Vec,20,1123,0.2938252224,0.3001296877,0.2938252224,0.2938252224,0.04636905823,3822,1055.079585
3,wiki,Node2Vec,30,1007,0.3011363636,0.2890161596,0.3011363636,0.3011363636,0.04943683196,3344,1055.079585
3,wiki,Node2Vec,40,914,0.3188001395,0.3192978028,0.3188001395,0.3188001395,0.05751039796,2867,1055.079585
3,wiki,Node2Vec,50,799,0.3344495605,0.3314526264,0.3344495605,0.3344495605,0.06651409109,2389,1055.079585
3,wiki,Node2Vec,60,656,0.3432757718,0.3252146577,0.3432757718,0.3432757718,0.07136023219,1911,1055.079585
3,wiki,Node2Vec,70,494,0.3444909344,0.3188944177,0.3444909344,0.3444909344,0.06510224443,1434,1055.079585
3,wiki,Node2Vec,80,311,0.3253138075,0.3132782022,0.3253138075,0.3253138075,0.08661109274,956,1055.079585
3,wiki,Node2Vec,90,142,0.2970711297,0.3497564178,0.2970711297,0.2970711297,0.1136956499,478,1055.079585
4,wiki,Node2Vec,5,1202,0.2648160388,0.2663654074,0.2648160388,0.2648160388,0.03448900551,4539,1068.656947
4,wiki,Node2Vec,10,1202,0.2795348837,0.2741410145,0.2795348837,0.2795348837,0.04177067838,4300,1068.656947
4,wiki,Node2Vec,20,1061,0.277603349,0.2819473182,0.277603349,0.277603349,0.04608415305,3822,1068.656947
4,wiki,Node2Vec,30,1055,0.3154904306,0.300833805,0.3154904306,0.3154904306,0.05670937865,3344,1068.656947
4,wiki,Node2Vec,40,930,0.3243808859,0.3096303792,0.3243808859,0.3243808859,0.05886889255,2867,1068.656947
4,wiki,Node2Vec,50,762,0.3189619087,0.3011464718,0.3189619087,0.3189619087,0.06097281056,2389,1068.656947
4,wiki,Node2Vec,60,668,0.3495552067,0.3307693233,0.3495552067,0.3495552067,0.07684089224,1911,1068.656947
4,wiki,Node2Vec,70,512,0.3570432357,0.3528101853,0.3570432357,0.3570432357,0.07716607796,1434,1068.656947
4,wiki,Node2Vec,80,323,0.3378661088,0.3411106264,0.3378661088,0.3378661088,0.1110813133,956,1068.656947
4,wiki,Node2Vec,90,153,0.320083682,0.3250783408,0.320083682,0.320083682,0.1009039311,478,1068.656947
0,homo_sapiens,line,5,365,0.09875541126,0.2910278489,0.09875541126,0.09875541126,0.04413605443,3696,12.98765278
0,homo_sapiens,line,10,379,0.1082547843,0.2752813776,0.1082547843,0.1082547843,0.05358074338,3501,12.98765278
0,homo_sapiens,line,20,371,0.1192159383,0.1762054194,0.1192159383,0.1192159383,0.06544357553,3112,12.98765278
0,homo_sapiens,line,30,372,0.1366140286,0.1810125302,0.1366140286,0.1366140286,0.08005493185,2723,12.98765278
0,homo_sapiens,line,40,312,0.1336760925,0.1849754012,0.1336760925,0.1336760925,0.08205911012,2334,12.98765278
0,homo_sapiens,line,50,266,0.1367609254,0.2006431864,0.1367609254,0.1367609254,0.07928714804,1945,12.98765278
0,homo_sapiens,line,60,225,0.1446015424,0.1800675926,0.1446015424,0.1446015424,0.0936758177,1556,12.98765278
0,homo_sapiens,line,70,186,0.1593830334,0.1788175193,0.1593830334,0.1593830334,0.1024214888,1167,12.98765278
0,homo_sapiens,line,80,133,0.1709511568,0.2033192942,0.1709511568,0.1709511568,0.1012876192,778,12.98765278
0,homo_sapiens,line,90,55,0.1413881748,0.2175450867,0.1413881748,0.1413881748,0.08570272505,389,12.98765278
1,homo_sapiens,line,5,347,0.09388528139,0.2862491135,0.09388528139,0.09388528139,0.03983817578,3696,9.404488564
1,homo_sapiens,line,10,356,0.1016852328,0.2501016279,0.1016852328,0.1016852328,0.04833795523,3501,9.404488564
1,homo_sapiens,line,20,339,0.108933162,0.1894272389,0.108933162,0.108933162,0.06097456533,3112,9.404488564
1,homo_sapiens,line,30,381,0.1399192068,0.1463067772,0.1399192068,0.1399192068,0.07653727533,2723,9.404488564
1,homo_sapiens,line,40,336,0.1439588689,0.1774635735,0.1439588689,0.1439588689,0.08303388596,2334,9.404488564
1,homo_sapiens,line,50,284,0.1460154242,0.1689459222,0.1460154242,0.1460154242,0.09473888744,1945,9.404488564
1,homo_sapiens,line,60,223,0.1433161954,0.1827288131,0.1433161954,0.1433161954,0.08420956761,1556,9.404488564
1,homo_sapiens,line,70,170,0.145672665,0.1936713656,0.145672665,0.145672665,0.0972850679,1167,9.404488564
1,homo_sapiens,line,80,139,0.1786632391,0.2579485621,0.1786632391,0.1786632391,0.1051897988,778,9.404488564
1,homo_sapiens,line,90,75,0.1928020566,0.2708140827,0.1928020566,0.1928020566,0.1401792066,389,9.404488564
2,homo_sapiens,line,5,358,0.09686147186,0.3205888169,0.09686147186,0.09686147186,0.04977828465,3696,9.29187417
2,homo_sapiens,line,10,384,0.1096829477,0.2702747993,0.1096829477,0.1096829477,0.05194262517,3501,9.29187417
2,homo_sapiens,line,20,417,0.1339974293,0.1956838747,0.1339974293,0.1339974293,0.06944886021,3112,9.29187417
2,homo_sapiens,line,30,388,0.1424899008,0.1640714153,0.1424899008,0.1424899008,0.08400165446,2723,9.29187417
2,homo_sapiens,line,40,322,0.1379605827,0.1922390911,0.1379605827,0.1379605827,0.08541037278,2334,9.29187417
2,homo_sapiens,line,50,271,0.1393316195,0.2122190572,0.1393316195,0.1393316195,0.07976355224,1945,9.29187417
2,homo_sapiens,line,60,233,0.1497429306,0.1671688306,0.1497429306,0.1497429306,0.08928812773,1556,9.29187417
2,homo_sapiens,line,70,188,0.1610968295,0.2259045236,0.1610968295,0.1610968295,0.1084532804,1167,9.29187417
2,homo_sapiens,line,80,136,0.1748071979,0.2233099608,0.1748071979,0.1748071979,0.1206303151,778,9.29187417
2,homo_sapiens,line,90,49,0.1259640103,0.2117839321,0.1259640103,0.1259640103,0.07280844323,389,9.29187417
3,homo_sapiens,line,5,292,0.079004329,0.2660076365,0.079004329,0.079004329,0.04217206924,3696,9.282511711
3,homo_sapiens,line,10,427,0.1219651528,0.2847215254,0.1219651528,0.1219651528,0.06204337789,3501,9.282511711
3,homo_sapiens,line,20,402,0.1291773779,0.1796865209,0.1291773779,0.1291773779,0.06760523145,3112,9.282511711
3,homo_sapiens,line,30,388,0.1424899008,0.1898078357,0.1424899008,0.1424899008,0.0853280672,2723,9.282511711
3,homo_sapiens,line,40,324,0.1388174807,0.1933934656,0.1388174807,0.1388174807,0.08267210006,2334,9.282511711
3,homo_sapiens,line,50,270,0.1388174807,0.1653142993,0.1388174807,0.1388174807,0.08894992716,1945,9.282511711
3,homo_sapiens,line,60,256,0.1645244216,0.2070158267,0.1645244216,0.1645244216,0.1068055786,1556,9.282511711
3,homo_sapiens,line,70,178,0.1525278492,0.1944778511,0.1525278492,0.1525278492,0.1014096558,1167,9.282511711
3,homo_sapiens,line,80,137,0.176092545,0.2077047022,0.176092545,0.176092545,0.1016061054,778,9.282511711
3,homo_sapiens,line,90,68,0.1748071979,0.234458705,0.1748071979,0.1748071979,0.09224653159,389,9.282511711
4,homo_sapiens,line,5,300,0.08116883117,0.3553886178,0.08116883117,0.08116883117,0.03546261094,3696,9.538675308
4,homo_sapiens,line,10,354,0.1011139674,0.2490208693,0.1011139674,0.1011139674,0.04669517774,3501,9.538675308
4,homo_sapiens,line,20,399,0.1282133676,0.2139493173,0.1282133676,0.1282133676,0.06221218953,3112,9.538675308
4,homo_sapiens,line,30,373,0.1369812707,0.1779739534,0.1369812707,0.1369812707,0.07961885825,2723,9.538675308
4,homo_sapiens,line,40,337,0.1443873179,0.1993862991,0.1443873179,0.1443873179,0.08753130724,2334,9.538675308
4,homo_sapiens,line,50,281,0.1444730077,0.1856008708,0.1444730077,0.1444730077,0.08768490559,1945,9.538675308
4,homo_sapiens,line,60,239,0.1535989717,0.1897928081,0.1535989717,0.1535989717,0.09650530119,1556,9.538675308
4,homo_sapiens,line,70,173,0.148243359,0.200616884,0.148243359,0.148243359,0.08860709817,1167,9.538675308
4,homo_sapiens,line,80,124,0.1593830334,0.2111056898,0.1593830334,0.1593830334,0.09605145705,778,9.538675308
4,homo_sapiens,line,90,59,0.1516709512,0.1798344329,0.1516709512,0.1516709512,0.1069725668,389,9.538675308
0,blogcatalog,line,5,2079,0.2122078187,0.2497893995,0.2122078187,0.2122078187,0.09972915182,9797,243.8809936
0,blogcatalog,line,10,2301,0.2479258701,0.2318622702,0.2479258701,0.2479258701,0.1248451108,9281,243.8809936
0,blogcatalog,line,20,2119,0.2568484848,0.235877422,0.2568484848,0.2568484848,0.1418412619,8250,243.8809936
0,blogcatalog,line,30,1947,0.2697049453,0.24332877,0.2697049453,0.2697049453,0.1481599946,7219,243.8809936
0,blogcatalog,line,40,1747,0.2823206206,0.2604446088,0.2823206206,0.2823206206,0.1605546995,6188,243.8809936
0,blogcatalog,line,50,1497,0.2903413499,0.2602702762,0.2903413499,0.2903413499,0.1677266907,5156,243.8809936
0,blogcatalog,line,60,1229,0.2979393939,0.2634922441,0.2979393939,0.2979393939,0.1636872112,4125,243.8809936
0,blogcatalog,line,70,952,0.3076923077,0.2918512553,0.3076923077,0.3076923077,0.1774518789,3094,243.8809936
0,blogcatalog,line,80,649,0.3145904023,0.2897164072,0.3145904023,0.3145904023,0.1910363525,2063,243.8809936
0,blogcatalog,line,90,340,0.3294573643,0.3343025309,0.3294573643,0.3294573643,0.1981535748,1032,243.8809936
1,blogcatalog,line,5,2185,0.2230274574,0.2297980043,0.2230274574,0.2230274574,0.1016800054,9797,166.4031496
1,blogcatalog,line,10,2272,0.2448012068,0.2378502152,0.2448012068,0.2448012068,0.1215534007,9281,166.4031496
1,blogcatalog,line,20,2214,0.2683636364,0.2460176605,0.2683636364,0.2683636364,0.1463266472,8250,166.4031496
1,blogcatalog,line,30,2058,0.2850810362,0.2652141609,0.2850810362,0.2850810362,0.1658864469,7219,166.4031496
1,blogcatalog,line,40,1757,0.2839366516,0.2578793159,0.2839366516,0.2839366516,0.1602720841,6188,166.4031496
1,blogcatalog,line,50,1552,0.3010085337,0.2715896981,0.3010085337,0.3010085337,0.1757488615,5156,166.4031496
1,blogcatalog,line,60,1224,0.2967272727,0.2693805377,0.2967272727,0.2967272727,0.1809756081,4125,166.4031496
1,blogcatalog,line,70,982,0.3173884939,0.2967949389,0.3173884939,0.3173884939,0.1871643837,3094,166.4031496
1,blogcatalog,line,80,643,0.3116820165,0.2881440822,0.3116820165,0.3116820165,0.1809286453,2063,166.4031496
1,blogcatalog,line,90,324,0.3139534884,0.3022138681,0.3139534884,0.3139534884,0.1940823612,1032,166.4031496
2,blogcatalog,line,5,2144,0.2188425028,0.212045331,0.2188425028,0.2188425028,0.1057784326,9797,166.1037552
2,blogcatalog,line,10,2267,0.2442624717,0.2425833534,0.2442624717,0.2442624717,0.1240694892,9281,166.1037552
2,blogcatalog,line,20,2205,0.2672727273,0.2505105678,0.2672727273,0.2672727273,0.1453162812,8250,166.1037552
2,blogcatalog,line,30,2059,0.2852195595,0.2785664882,0.2852195595,0.2852195595,0.1687206495,7219,166.1037552
2,blogcatalog,line,40,1777,0.2871687136,0.2744818216,0.2871687136,0.2871687136,0.1664451706,6188,166.1037552
2,blogcatalog,line,50,1552,0.3010085337,0.2763983095,0.3010085337,0.3010085337,0.1816436538,5156,166.1037552
2,blogcatalog,line,60,1261,0.3056969697,0.2749606548,0.3056969697,0.3056969697,0.1808948668,4125,166.1037552
2,blogcatalog,line,70,945,0.3054298643,0.2897034811,0.3054298643,0.3054298643,0.1782715678,3094,166.1037552
2,blogcatalog,line,80,609,0.2952011634,0.2772092192,0.2952011634,0.2952011634,0.1779459715,2063,166.1037552
2,blogcatalog,line,90,323,0.3129844961,0.2935574323,0.3129844961,0.3129844961,0.1914383451,1032,166.1037552
3,blogcatalog,line,5,2115,0.215882413,0.2243312798,0.215882413,0.215882413,0.1026386505,9797,164.8602448
3,blogcatalog,line,10,2213,0.2384441332,0.2636706198,0.2384441332,0.2384441332,0.1260846558,9281,164.8602448
3,blogcatalog,line,20,2108,0.2555151515,0.2410854934,0.2555151515,0.2555151515,0.1324518821,8250,164.8602448
3,blogcatalog,line,30,1988,0.2753844023,0.2541513897,0.2753844023,0.2753844023,0.1570598439,7219,164.8602448
3,blogcatalog,line,40,1798,0.2905623788,0.2721268162,0.2905623788,0.2905623788,0.1691312719,6188,164.8602448
3,blogcatalog,line,50,1532,0.2971295578,0.2722682949,0.2971295578,0.2971295578,0.1738708742,5156,164.8602448
3,blogcatalog,line,60,1254,0.304,0.2757178003,0.304,0.304,0.1894868617,4125,164.8602448
3,blogcatalog,line,70,942,0.3044602456,0.2748231173,0.3044602456,0.3044602456,0.1818174242,3094,164.8602448
3,blogcatalog,line,80,629,0.3048957828,0.2808007406,0.3048957828,0.3048957828,0.1729631389,2063,164.8602448
3,blogcatalog,line,90,336,0.3255813953,0.3345793687,0.3255813953,0.3255813953,0.21009953,1032,164.8602448
4,blogcatalog,line,5,2094,0.2137388997,0.2298128015,0.2137388997,0.2137388997,0.1026625984,9797,164.2683947
4,blogcatalog,line,10,2278,0.2454476888,0.2433640962,0.2454476888,0.2454476888,0.1258750935,9281,164.2683947
4,blogcatalog,line,20,2141,0.2595151515,0.2551823769,0.2595151515,0.2595151515,0.1429988569,8250,164.2683947
4,blogcatalog,line,30,1993,0.276077019,0.2456683143,0.276077019,0.276077019,0.1533121175,7219,164.2683947
4,blogcatalog,line,40,1737,0.2807045895,0.2574970219,0.2807045895,0.2807045895,0.1603966298,6188,164.2683947
4,blogcatalog,line,50,1530,0.2967416602,0.2803493915,0.2967416602,0.2967416602,0.1786704564,5156,164.2683947
4,blogcatalog,line,60,1263,0.3061818182,0.2902736949,0.3061818182,0.3061818182,0.181978256,4125,164.2683947
4,blogcatalog,line,70,969,0.3131868132,0.2855055083,0.3131868132,0.3131868132,0.1847500292,3094,164.2683947
4,blogcatalog,line,80,691,0.3349491032,0.3108684204,0.3349491032,0.3349491032,0.212075531,2063,164.2683947
4,blogcatalog,line,90,322,0.3120155039,0.3018609951,0.3120155039,0.3120155039,0.1778098657,1032,164.2683947
0,wiki,line,5,1328,0.2925754571,0.2759353146,0.2925754571,0.2925754571,0.03539724446,4539,35.6693294
0,wiki,line,10,1300,0.3023255814,0.3112057623,0.3023255814,0.3023255814,0.04808424722,4300,35.6693294
0,wiki,line,20,1180,0.3087388802,0.3219559974,0.3087388802,0.3087388802,0.0537833924,3822,35.6693294
0,wiki,line,30,1018,0.3044258373,0.3157776364,0.3044258373,0.3044258373,0.05057897798,3344,35.6693294
0,wiki,line,40,914,0.3188001395,0.3155321772,0.3188001395,0.3188001395,0.05795696604,2867,35.6693294
0,wiki,line,50,771,0.3227291754,0.3233891556,0.3227291754,0.3227291754,0.0701191307,2389,35.6693294
0,wiki,line,60,601,0.3144950288,0.3183794477,0.3144950288,0.3144950288,0.07229514034,1911,35.6693294
0,wiki,line,70,484,0.3375174338,0.3477614325,0.3375174338,0.3375174338,0.08861733086,1434,35.6693294
0,wiki,line,80,337,0.3525104603,0.356024863,0.3525104603,0.3525104603,0.08532238259,956,35.6693294
0,wiki,line,90,157,0.3284518828,0.3757705799,0.3284518828,0.3284518828,0.1326689059,478,35.6693294
1,wiki,line,5,1375,0.3029301608,0.2964774855,0.3029301608,0.3029301608,0.033585594,4539,23.85441494
1,wiki,line,10,1216,0.2827906977,0.3041976291,0.2827906977,0.2827906977,0.0408837025,4300,23.85441494
1,wiki,line,20,1180,0.3087388802,0.3070629662,0.3087388802,0.3087388802,0.05509845791,3822,23.85441494
1,wiki,line,30,1097,0.3280502392,0.3353548386,0.3280502392,0.3280502392,0.05851566611,3344,23.85441494
1,wiki,line,40,952,0.3320544123,0.341052387,0.3320544123,0.3320544123,0.06347919152,2867,23.85441494
1,wiki,line,50,781,0.3269150272,0.3149174065,0.3269150272,0.3269150272,0.06449034308,2389,23.85441494
1,wiki,line,60,642,0.3359497645,0.3559631286,0.3359497645,0.3359497645,0.0778272568,1911,23.85441494
1,wiki,line,70,496,0.3458856346,0.3491990871,0.3458856346,0.3458856346,0.07802644771,1434,23.85441494
1,wiki,line,80,331,0.3462343096,0.3286060132,0.3462343096,0.3462343096,0.09059928673,956,23.85441494
1,wiki,line,90,150,0.3138075314,0.32217607,0.3138075314,0.3138075314,0.1001877475,478,23.85441494
2,wiki,line,5,1319,0.2905926416,0.3289420029,0.2905926416,0.2905926416,0.03572218347,4539,24.1468513
2,wiki,line,10,1329,0.3090697674,0.3103511476,0.3090697674,0.3090697674,0.04800676721,4300,24.1468513
2,wiki,line,20,1129,0.2953950811,0.297053294,0.2953950811,0.2953950811,0.05153085594,3822,24.1468513
2,wiki,line,30,1018,0.3044258373,0.2936876893,0.3044258373,0.3044258373,0.05604248712,3344,24.1468513
2,wiki,line,40,916,0.3194977328,0.322206352,0.3194977328,0.3194977328,0.05983515495,2867,24.1468513
2,wiki,line,50,790,0.3306822938,0.3347480308,0.3306822938,0.3306822938,0.06379766822,2389,24.1468513
2,wiki,line,60,610,0.3192046049,0.329506208,0.3192046049,0.3192046049,0.06892245362,1911,24.1468513
2,wiki,line,70,496,0.3458856346,0.3699179957,0.3458856346,0.3458856346,0.09051027184,1434,24.1468513
2,wiki,line,80,354,0.370292887,0.3753573414,0.370292887,0.370292887,0.1048476629,956,24.1468513
2,wiki,line,90,160,0.3347280335,0.3421364776,0.3347280335,0.3347280335,0.1057102063,478,24.1468513
3,wiki,line,5,1358,0.2991848425,0.3432075611,0.2991848425,0.2991848425,0.03872952806,4539,25.03684688
3,wiki,line,10,1241,0.2886046512,0.2875821932,0.2886046512,0.2886046512,0.03989846144,4300,25.03684688
3,wiki,line,20,1156,0.3024594453,0.3068419328,0.3024594453,0.3024594453,0.04823736165,3822,25.03684688
3,wiki,line,30,1054,0.3151913876,0.3275463909,0.3151913876,0.3151913876,0.05307127262,3344,25.03684688
3,wiki,line,40,940,0.3278688525,0.3286306929,0.3278688525,0.3278688525,0.06103188463,2867,25.03684688
3,wiki,line,50,799,0.3344495605,0.352612208,0.3344495605,0.3344495605,0.07736108134,2389,25.03684688
3,wiki,line,60,631,0.3301936159,0.3306046936,0.3301936159,0.3301936159,0.0745588364,1911,25.03684688
3,wiki,line,70,467,0.3256624826,0.3414814167,0.3256624826,0.3256624826,0.08546509772,1434,25.03684688
3,wiki,line,80,324,0.3389121339,0.3337112655,0.3389121339,0.3389121339,0.09427823937,956,25.03684688
3,wiki,line,90,169,0.3535564854,0.3445356187,0.3535564854,0.3535564854,0.101393147,478,25.03684688
4,wiki,line,5,1306,0.2877285746,0.3348995972,0.2877285746,0.2877285746,0.03822547452,4539,24.568434
4,wiki,line,10,1244,0.2893023256,0.2950614424,0.2893023256,0.2893023256,0.04299953031,4300,24.568434
4,wiki,line,20,1143,0.2990580848,0.2982996818,0.2990580848,0.2990580848,0.05527951564,3822,24.568434
4,wiki,line,30,1050,0.3139952153,0.3143042917,0.3139952153,0.3139952153,0.05595894527,3344,24.568434
4,wiki,line,40,907,0.316358563,0.3252026954,0.316358563,0.316358563,0.06269983155,2867,24.568434
4,wiki,line,50,774,0.3239849309,0.325886422,0.3239849309,0.3239849309,0.06584155562,2389,24.568434
4,wiki,line,60,633,0.3312401884,0.334765603,0.3312401884,0.3312401884,0.08568573196,1911,24.568434
4,wiki,line,70,471,0.3284518828,0.336322485,0.3284518828,0.3284518828,0.08150809295,1434,24.568434
4,wiki,line,80,330,0.3451882845,0.3460596677,0.3451882845,0.3451882845,0.08423942248,956,24.568434
4,wiki,line,90,170,0.3556485356,0.3751158941,0.3556485356,0.3556485356,0.107162999,478,24.568434
0,flickr,line,5,18421,0.2408351637,0.225824744,0.2408351637,0.2408351637,0.09079890582,76488,31723.46512
0,flickr,line,10,18479,0.2550164224,0.2254086409,0.2550164224,0.2550164224,0.1134541959,72462,31723.46512
0,flickr,line,20,17533,0.2722050581,0.2262863565,0.2722050581,0.2722050581,0.1323314628,64411,31723.46512
0,flickr,line,30,15985,0.283623137,0.2358841622,0.283623137,0.283623137,0.1485257337,56360,31723.46512
0,flickr,line,40,14126,0.2924153349,0.243675219,0.2924153349,0.2924153349,0.1527522401,48308,31723.46512
0,flickr,line,50,12030,0.2988300171,0.2489305186,0.2988300171,0.2988300171,0.1595700103,40257,31723.46512
0,flickr,line,60,9707,0.3014034652,0.2528859102,0.3014034652,0.3014034652,0.1634206381,32206,31723.46512
0,flickr,line,70,7415,0.3069884905,0.2623462056,0.3069884905,0.3069884905,0.1680925688,24154,31723.46512
0,flickr,line,80,4991,0.3099422468,0.2704873131,0.3099422468,0.3099422468,0.1682848242,16103,31723.46512
0,flickr,line,90,2533,0.3145802285,0.295279674,0.3145802285,0.3145802285,0.1720674197,8052,31723.46512
1,flickr,line,5,18432,0.2409789771,0.230323978,0.2409789771,0.2409789771,0.09317507911,76488,32047.34757
1,flickr,line,10,18470,0.2548922194,0.2225914425,0.2548922194,0.2548922194,0.1129449666,72462,32047.34757
1,flickr,line,20,17626,0.2736489109,0.2285377929,0.2736489109,0.2736489109,0.134106776,64411,32047.34757
1,flickr,line,30,16196,0.2873669269,0.2420420442,0.2873669269,0.2873669269,0.1487854553,56360,32047.34757
1,flickr,line,40,14109,0.2920634263,0.2435167431,0.2920634263,0.2920634263,0.155029201,48308,32047.34757
1,flickr,line,50,11902,0.2956504459,0.2481307496,0.2956504459,0.2956504459,0.1581757099,40257,32047.34757
1,flickr,line,60,9884,0.3068993355,0.2619085516,0.3068993355,0.3068993355,0.1628907062,32206,32047.34757
1,flickr,line,70,7346,0.3041318208,0.2583507531,0.3041318208,0.3041318208,0.1633964752,24154,32047.34757
1,flickr,line,80,5073,0.3150344656,0.275358221,0.3150344656,0.3150344656,0.1688388915,16103,32047.34757
1,flickr,line,90,2533,0.3145802285,0.2902904241,0.3145802285,0.3145802285,0.1677457885,8052,32047.34757
2,flickr,line,5,18465,0.2414104173,0.2285355507,0.2414104173,0.2414104173,0.09387499342,76488,31920.43954
2,flickr,line,10,18321,0.2528359692,0.2245841655,0.2528359692,0.2528359692,0.1111703436,72462,31920.43954
2,flickr,line,20,17523,0.2720498052,0.2252088632,0.2720498052,0.2720498052,0.1314400308,64411,31920.43954
2,flickr,line,30,15962,0.2832150461,0.2343664094,0.2832150461,0.2832150461,0.1451879797,56360,31920.43954
2,flickr,line,40,14105,0.2919806243,0.2442533847,0.2919806243,0.2919806243,0.1540206828,48308,31920.43954
2,flickr,line,50,12080,0.3000720372,0.2518981615,0.3000720372,0.3000720372,0.1617825062,40257,31920.43954
2,flickr,line,60,9833,0.3053157797,0.2566897636,0.3053157797,0.3053157797,0.1619479546,32206,31920.43954
2,flickr,line,70,7356,0.3045458309,0.2578154377,0.3045458309,0.3045458309,0.1599085062,24154,31920.43954
2,flickr,line,80,4949,0.3073340371,0.2717577827,0.3073340371,0.3073340371,0.1695029873,16103,31920.43954
2,flickr,line,90,2470,0.3067560854,0.2753542722,0.3067560854,0.3067560854,0.157973883,8052,31920.43954
3,flickr,line,5,18229,0.238324966,0.2238084289,0.238324966,0.238324966,0.08749559452,76488,31973.35855
3,flickr,line,10,18471,0.2549060197,0.2241986575,0.2549060197,0.2549060197,0.1137666403,72462,31973.35855
3,flickr,line,20,17550,0.2724689882,0.2292465235,0.2724689882,0.2724689882,0.1335699861,64411,31973.35855
3,flickr,line,30,16063,0.2850070972,0.2356349419,0.2850070972,0.2850070972,0.1454010704,56360,31973.35855
3,flickr,line,40,14047,0.290779995,0.2436436344,0.290779995,0.290779995,0.1520442084,48308,31973.35855
3,flickr,line,50,12061,0.2996000696,0.2494768274,0.2996000696,0.2996000696,0.1562559725,40257,31973.35855
3,flickr,line,60,9747,0.3026454698,0.2565594981,0.3026454698,0.3026454698,0.159529223,32206,31973.35855
3,flickr,line,70,7432,0.3076923077,0.2634300869,0.3076923077,0.3076923077,0.1650198786,24154,31973.35855
3,flickr,line,80,5000,0.3105011489,0.2770600178,0.3105011489,0.3105011489,0.1650364959,16103,31973.35855
3,flickr,line,90,2528,0.3139592648,0.2894635348,0.3139592648,0.3139592648,0.1685554124,8052,31973.35855
